{
    "m1": 10,
    "m2": 50,
    "u1": 5,
    "u2": -10,
    "col_type": "Perfectly Elastic",
    "a": 10.246950765959598,
    "b": 22.912878474779202,
    "col": 6,
    "data": [
        [
            -10,
            5
        ],
        [
            -5.0,
            -20.0
        ],
        [
            -5.0,
            20.0
        ],
        [
            3.333333333333333,
            -21.666666666666664
        ],
        [
            3.333333333333333,
            21.666666666666664
        ],
        [
            9.444444444444443,
            -8.888888888888888
        ],
        [
            9.444444444444443,
            8.888888888888888
        ]
    ]
}