{
    "m1": 10,
    "m2": 50,
    "u1": -10,
    "u2": 10,
    "col_type": "Perfectly Elastic",
    "a": 10.954451150103322,
    "b": 24.49489742783178,
    "col": 1,
    "data": [
        [
            10,
            -10
        ],
        [
            10,
            10
        ]
    ]
}