{
    "m1": 10,
    "m2": 50,
    "u1": 10,
    "u2": -10,
    "col_type": "Perfectly Elastic",
    "a": 10.954451150103322,
    "b": 24.49489742783178,
    "col": 6,
    "data": [
        [
            -10,
            10
        ],
        [
            -3.333333333333333,
            -23.333333333333336
        ],
        [
            -3.333333333333333,
            23.333333333333336
        ],
        [
            5.555555555555557,
            -21.111111111111114
        ],
        [
            5.555555555555557,
            21.111111111111114
        ],
        [
            10.740740740740742,
            -4.814814814814813
        ],
        [
            10.740740740740742,
            4.814814814814813
        ]
    ]
}