{
    "m1": 10,
    "m2": 50,
    "u1": 10,
    "u2": 5,
    "col_type": "Perfectly Elastic",
    "a": 6.708203932499369,
    "b": 15.0,
    "col": 1,
    "data": [
        [
            5,
            10
        ],
        [
            6.666666666666666,
            1.6666666666666679
        ]
    ]
}