{
    "m1": 10,
    "m2": 50,
    "u1": -5,
    "u2": -10,
    "col_type": "Perfectly Elastic",
    "a": 10.246950765959598,
    "b": 22.912878474779202,
    "data": [
        [
            -10,
            -5
        ],
        [
            -8.333333333333332,
            -13.333333333333336
        ],
        [
            -8.333333333333332,
            13.333333333333336
        ],
        [
            -1.1111111111111098,
            -22.77777777777778
        ],
        [
            -1.1111111111111098,
            22.77777777777778
        ],
        [
            6.851851851851853,
            -17.037037037037035
        ],
        [
            6.851851851851853,
            17.037037037037035
        ],
        [
            10.246913580246913,
            0.06172839506173311
        ]
    ],
    "col": 7
}