{
    "m1": 10,
    "m2": 50,
    "u1": 5,
    "u2": 10,
    "col_type": "Perfectly Elastic",
    "a": 10.246950765959598,
    "b": 22.912878474779202,
    "col": 0,
    "data": [
        [
            10,
            5
        ]
    ]
}