{
    "m1": 1,
    "m2": 1000,
    "u1": 0,
    "u2": -10,
    "col_type": "Perfectly Elastic",
    "a": 10.0,
    "b": 316.22776601683796,
    "col": 99,
    "data": [
        [
            -10,
            0
        ],
        [
            -9.98001998001998,
            -19.980019980019982
        ],
        [
            -9.98001998001998,
            19.980019980019982
        ],
        [
            -9.9201597603196,
            -39.88019972035956
        ],
        [
            -9.9201597603196,
            39.88019972035956
        ],
        [
            -9.820658542575984,
            -59.62101802325515
        ],
        [
            -9.820658542575984,
            59.62101802325515
        ],
        [
            -9.681913934052844,
            -79.12359049988397
        ],
        [
            -9.681913934052844,
            79.12359049988397
        ],
        [
            -9.504480358760263,
            -98.30998479269707
        ],
        [
            -9.504480358760263,
            98.30998479269707
        ],
        [
            -9.289066841974133,
            -117.10353199343146
        ],
        [
            -9.289066841974133,
            117.10353199343146
        ],
        [
            -9.036534176968328,
            -135.4291330123739
        ],
        [
            -9.036534176968328,
            135.4291330123739
        ],
        [
            -8.747891485281329,
            -153.21355867462356
        ],
        [
            -8.747891485281329,
            153.21355867462356
        ],
        [
            -8.424292184262539,
            -170.38574234416743
        ],
        [
            -8.424292184262539,
            170.38574234416743
        ],
        [
            -8.067029378011929,
            -186.8770639064419
        ],
        [
            -8.067029378011929,
            186.8770639064419
        ],
        [
            -7.677530690130903,
            -202.6216239745847
        ],
        [
            -7.677530690130903,
            202.6216239745847
        ],
        [
            -7.257352558932669,
            -217.55650722364825
        ],
        [
            -7.257352558932669,
            217.55650722364825
        ],
        [
            -6.808174017908532,
            -231.62203380048945
        ],
        [
            -6.808174017908532,
            231.62203380048945
        ],
        [
            -6.331789986303341,
            -244.7619978047013
        ],
        [
            -6.331789986303341,
            244.7619978047013
        ],
        [
            -5.830104096611024,
            -256.9238918876157
        ],
        [
            -5.830104096611024,
            256.9238918876157
        ],
        [
            -5.305121087651529,
            -268.05911707187823
        ],
        [
            -5.305121087651529,
            268.05911707187823
        ],
        [
            -4.758938793626495,
            -278.12317695315625
        ],
        [
            -4.758938793626495,
            278.12317695315625
        ],
        [
            -4.19373976116539,
            -287.0758555079481
        ],
        [
            -4.19373976116539,
            287.0758555079481
        ],
        [
            -3.611782527860468,
            -294.88137779697394
        ],
        [
            -3.611782527860468,
            294.88137779697394
        ],
        [
            -3.015392597141518,
            -301.50855292197593
        ],
        [
            -3.015392597141518,
            301.50855292197593
        ],
        [
            -2.4069531455548696,
            -306.93089866467227
        ],
        [
            -2.4069531455548696,
            306.93089866467227
        ],
        [
            -1.7888954995803896,
            -311.1267473098075
        ],
        [
            -1.7888954995803896,
            311.1267473098075
        ],
        [
            -1.163689420041153,
            -314.07933222942904
        ],
        [
            -1.163689420041153,
            314.07933222942904
        ],
        [
            -0.5338332329293244,
            -315.7768548823995
        ],
        [
            -0.5338332329293244,
            315.7768548823995
        ],
        [
            0.09815615391448951,
            -316.2125319614143
        ],
        [
            0.09815615391448951,
            316.2125319614143
        ],
        [
            0.7297533083750285,
            -315.3846224991248
        ],
        [
            0.7297533083750285,
            315.3846224991248
        ],
        [
            1.3584343656992037,
            -313.29643482505054
        ],
        [
            1.3584343656992037,
            313.29643482505054
        ],
        [
            1.9816871138697358,
            -309.95631334548153
        ],
        [
            1.9816871138697358,
            309.95631334548153
        ],
        [
            2.5970210324144145,
            -305.3776051991974
        ],
        [
            2.5970210324144145,
            305.3776051991974
        ],
        [
            3.201977244535859,
            -299.5786069222471
        ],
        [
            3.201977244535859,
            299.5786069222471
        ],
        [
            3.7941383427930244,
            -292.5824913349182
        ],
        [
            3.7941383427930244,
            292.5824913349182
        ],
        [
            4.371138049070996,
            -284.41721494305415
        ],
        [
            4.371138049070996,
            284.41721494305415
        ],
        [
            4.930670670237796,
            -275.11540622374537
        ],
        [
            4.930670670237796,
            275.11540622374537
        ],
        [
            5.470500311703345,
            -264.71423524180426
        ],
        [
            5.470500311703345,
            264.71423524180426
        ],
        [
            5.988469812063187,
            -253.25526511803773
        ],
        [
            5.988469812063187,
            253.25526511803773
        ],
        [
            6.482509363124074,
            -240.78428594285046
        ],
        [
            6.482509363124074,
            240.78428594285046
        ],
        [
            6.950644780865785,
            -227.3511317988606
        ],
        [
            6.950644780865785,
            227.3511317988606
        ],
        [
            7.391005394288351,
            -213.00948162370645
        ],
        [
            7.391005394288351,
            213.00948162370645
        ],
        [
            7.801831520620855,
            -197.81664470879724
        ],
        [
            7.801831520620855,
            197.81664470879724
        ],
        [
            8.181481497020807,
            -181.83333169115556
        ],
        [
            8.181481497020807,
            181.83333169115556
        ],
        [
            8.528438240665432,
            -165.12341195346931
        ],
        [
            8.528438240665432,
            165.12341195346931
        ],
        [
            8.841315311020685,
            -147.75365840178318
        ],
        [
            8.841315311020685,
            147.75365840178318
        ],
        [
            9.118862450063167,
            -129.79348064069933
        ],
        [
            9.118862450063167,
            129.79348064069933
        ],
        [
            9.359970578316185,
            -111.31464761231997
        ],
        [
            9.359970578316185,
            111.31464761231997
        ],
        [
            9.563676226735772,
            -92.39100080726801
        ],
        [
            9.563676226735772,
            92.39100080726801
        ],
        [
            9.729165386736836,
            -73.0981591937954
        ],
        [
            9.729165386736836,
            73.0981591937954
        ],
        [
            9.855776762974717,
            -53.51321704408383
