{
    "m1": 1,
    "m2": 100,
    "u1": 0,
    "u2": -10,
    "col_type": "Perfectly Elastic",
    "a": 10.0,
    "b": 100.0,
    "col": 31,
    "data": [
        [
            -10,
            0
        ],
        [
            -9.801980198019802,
            -19.801980198019802
        ],
        [
            -9.801980198019802,
            19.801980198019802
        ],
        [
            -9.215763160474463,
            -38.81972355651406
        ],
        [
            -9.215763160474463,
            38.81972355651406
        ],
        [
            -8.264565403702413,
            -56.300052120690935
        ],
        [
            -8.264565403702413,
            56.300052120690935
        ],
        [
            -6.986058125991654,
            -71.550675650385
        ],
        [
            -6.986058125991654,
            71.550675650385
        ],
        [
            -5.430875278934691,
            -83.96760905531136
        ],
        [
            -5.430875278934691,
            83.96760905531136
        ],
        [
            -3.6606082624149674,
            -93.05909259666102
        ],
        [
            -3.6606082624149674,
            93.05909259666102
        ],
        [
            -1.745366661245146,
            -98.46506752032113
        ],
        [
            -1.745366661245146,
            98.46506752032113
        ],
        [
            0.2389983720531963,
            -99.97143580951307
        ],
        [
            0.2389983720531963,
            99.97143580951307
        ],
        [
            2.2138981232900257,
            -97.51853931416984
        ],
        [
            2.2138981232900257,
            97.51853931416984
        ],
        [
            4.10111874093121,
            -91.20352244994861
        ],
        [
            4.10111874093121,
            91.20352244994861
        ],
        [
            5.825918814377099,
            -81.27648489464029
        ],
        [
            5.825918814377099,
            81.27648489464029
        ],
        [
            7.319989429827855,
            -68.13057665043533
        ],
        [
            7.319989429827855,
            68.13057665043533
        ],
        [
            8.52415947380028,
            -52.28642774680719
        ],
        [
            8.52415947380028,
            52.28642774680719
        ],
        [
            9.390739043562794,
            -34.371529229444114
        ],
        [
            9.390739043562794,
            34.371529229444114
        ],
        [
            9.885408156154504,
            -15.095382029726814
        ],
        [
            9.885408156154504,
            15.095382029726814
        ],
        [
            9.988575955631184,
            4.778602082058875
        ]
    ]
}