{
    "m1": 1,
    "m2": 2,
    "u1": 0,
    "u2": -10,
    "col_type": "Perfectly Elastic",
    "a": 10.0,
    "b": 14.142135623730951,
    "col": 5,
    "data": [
        [
            -10,
            0
        ],
        [
            -3.333333333333333,
            -13.333333333333332
        ],
        [
            -3.333333333333333,
            13.333333333333332
        ],
        [
            7.777777777777777,
            -8.888888888888888
        ],
        [
            7.777777777777777,
            8.888888888888888
        ],
        [
            8.518518518518517,
            7.4074074074074066
        ]
    ]
}